word1,word2
does,intelligence
does,surface
does,general
does,but
does,effect
does ,contain
does,affect
like,sky
like,by
by,step
by,smallest
by,term
by,been
by,columns
by,changing
by,time
by,problems
by,active
by,return
by,single
by,state
by,his
by,value
by,passage
by,6
by,some
by,answer
by,book
by,sole
some,examples
some,time
some,return
some,out
some,answer
some,features
something,know
something,interesting
table,highest
table,employee
table,information
table,total
value,total
value,smallest
value,minimum
value,largest
value,answer
answer,know
answer,return
answer,pieces
answer,need
primary,classification
primary,purpose
primary,benefit
return,root
return,solve
return,minimum
return,longest
return,binary
binary,root
total,columns
total,amount
blue,amount
blue,painting
blue,sky
below,passage
below,message
discussing,cons
discussing,pros
discussing,importance
discussing,friends
discussion,conversation
conversation,friends
importance,stressing
importance,taking
smallest,largest
smallest,biggest
columns,products
columns,increase
pros,cons
stressful,business
stressful,marketing
stressful,eating
samples,intelligence
formal,professional
chatbot,service
waste,plastic
root,square
examples,intelligence
base,height
summer,day
reducing,waste
reducing,air
been,put
reducing,plastic
marketing,campaign
want,buy
been,working
financial,budget
ethical,applications
spelling,errors
height,8
regular,match
relevant,nation
sufficient,time
random,8
business,increase
air,pollution
policy,security
author,book
metaphor,feeling
success,measure
ask,interview
ask,might
plastic,waste
relevant,information
random,class
difficult,time
combine,them
cheating,stressful
takes,place
python,script
interesting,fact
classify,them
old,man
his,man
task,classification
know,pieces
survey,out
perfect,tense
feeling,metaphor
night,sky
feeling,after
solve,math
read,book
consider,need
