,word,count
0,Explain,275
1,what,1165
2,an,91
3,API,3
4,is.,125
5,Suggest,4
6,content,2
7,a,590
8,web,7
9,page,3
10,about,34
11,robotics,1
12,should,38
13,consist,1
14,of.,3
15,Describe,191
16,will,40
17,likely,4
18,happen,29
19,in,265
20,the,899
21,next,14
22,paragraph.,2
23,Given,82
24,following,111
25,conversation,2
26,and,227
27,follow,2
28,up,11
29,"question,",2
30,rephrase,2
31,question,7
32,to,208
33,be,90
34,standalone,1
35,question.,2
36,Chat,1
37,History:,1
38,User:,2
39,What's,3
40,best,12
41,way,13
42,learn,3
43,new,17
44,language?,3
45,AI:,2
46,The,24
47,most,20
48,effective,3
49,language,16
50,is,543
51,by,47
52,practicing,2
53,"regularly,",1
54,immersing,1
55,yourself,1
56,"language,",3
57,using,11
58,it,113
59,real-life,1
60,"situations,",1
61,studying,3
62,with,44
63,various,1
64,resources,3
65,like,38
66,"books,",1
67,"apps,",1
68,partners.,1
69,How,3
70,long,1
71,does,35
72,typically,1
73,take,5
74,become,1
75,fluent?,1
76,That,1
77,depends,1
78,on,48
79,several,2
80,"factors,",1
81,including,1
82,how,16
83,often,2
84,one,32
85,are,92
86,available,4
87,whether,1
88,or,22
89,not,11
90,person,16
91,immersed.,1
92,few,10
93,words,16
94,makes,15
95,good,11
96,leader.,3
97,Follow,1
98,law,2
99,of,431
100,supply,1
101,"demand,",1
102,describe,12
103,would,81
104,price,7
105,if,35
106,demand,2
107,increased.,1
108,Based,9
109,given,50
110,"context,",4
111,primary,4
112,function,8
113,human,2
114,circulatory,1
115,system?,1
116,meant,26
117,circle,1
118,fifths.,1
119,From,4
120,main,12
121,differences,3
122,between,14
123,aerobic,1
124,anaerobic,1
125,exercises?,1
126,neural,15
127,network,12
128,article,8
129,1,8
130,2,10
131,sentences.,18
132,takes,1
133,successful,7
134,manager.,1
135,decision,1
136,tree,2
137,Identify,23
138,type,68
139,machine,12
140,learning,20
141,technique,1
142,applicable,1
143,for,56
144,task,4
145,description.,1
146,You,10
147,smart,2
148,assistant,7
149,designed,1
150,help,6
151,high,2
152,school,2
153,teachers,1
154,come,5
155,reading,4
156,comprehension,2
157,questions.,1
158,piece,4
159,"text,",8
160,you,129
161,must,4
162,answer,12
163,pair,2
164,that,61
165,can,34
166,used,23
167,test,2
168,student's,1
169,abilities.,1
170,When,8
171,coming,2
172,this,63
173,question/answer,2
174,"pair,",1
175,respond,1
176,format:,1
177,```,3
178,{{,1
179,"""question"":",1
180,"""$YOUR_QUESTION_HERE"",",1
181,"""answer"":",1
182,"""$THE_ANSWER_HERE""",1
183,}},1
184,Everything,1
185,valid,2
186,json.,1
187,"""""""",1
188,templ2,1
189,=,52
190,"""""""Please",1
191,three,13
192,"pairs,",1
193,specified,1
194,JSON,1
195,"format,",1
196,text:,1
197,----------------,1
198,US,1
199,officials,1
200,have,37
201,hinted,1
202,counteroffensive,1
203,month,1
204,"so,",2
205,while,6
206,Ukrainian,1
207,forces,1
208,ground,1
209,said,4
210,they,21
211,ready,2
212,attack,2
213,when,34
214,Kyiv,1
215,gives,3
216,word.,2
217,According,4
218,military,1
219,analysts,2
220,who,3
221,looked,2
222,at,24
223,"documents,",1
224,certain,2
225,parts,1
226,appear,2
227,modified,1
228,from,31
229,their,17
230,original,3
231,format,1
232,exaggerate,1
233,American,4
234,tally,1
235,Ukrainians,1
236,killed,2
237,war,1
238,downplaying,1
239,estimates,1
240,Russian,2
241,troops,1
242,killed.,1
243,One,2
244,slides,1
245,states,1
246,Russia,1
247,has,18
248,lost,1
249,"16,000",1
250,"17,500",1
251,soldiers,1
252,since,1
253,"invasion,",1
254,Ukraine,2
255,had,16
256,suffered,1
257,as,22
258,many,1
259,"71,500",1
260,troop,1
261,deaths.,1
262,This,2
263,gross,1
264,underestimate,1
265,Pentagon,1
266,other,4
267,estimated,1
268,casualties,2
269,nearly,1
270,"200,000",1
271,injured.,1
272,more,11
273,than,16
274,"100,000",1
275,"war,",1
276,according,3
277,Pentagon.,2
278,documents,1
279,represent,1
280,significant,1
281,breach,1
282,"intelligence,",1
283,detailing,1
284,information,5
285,been,8
286,publicly,1
287,stated,1
288,Define,7
289,sentence,55
290,is:,3
291,My,4
292,dog,2
293,cuddly,1
294,cute.,1
295,foreshadowing.,1
296,If,72
297,customer,14
298,calls,1
299,wants,4
300,find,8
301,out,15
302,order,4
303,"status,",1
304,steps,5
305,service,4
306,representative,2
307,take?,1
308,Reverse,3
309,engineer,4
310,code,17
311,snippet,4
312,explain,74
313,happening,1
314,4,9
315,var,2
316,x,13
317,3,12
318,y,5
319,+,29
320,(x+y+z)(xy+xz+yz)=25,2
321,x^2(y+z)+y^2(x+z)+z^2(x+y)=7,2
322,real,6
323,numbers,11
324,"x,",4
325,"y,",2
326,"z,",3
327,value,36
328,xyz?,2
329,computer,19
330,algorithm,8
331,Predict,35
332,might,16
333,Earth's,1
334,temperature,7
335,rises.,1
336,algorithmic,1
337,trading.,1
338,"dataset,",3
339,suited?,1
340,Select,1
341,correct,7
342,answer:,1
343,difference,8
344,class,1
345,object?,2
346,In,68
347,your,32
348,own,5
349,"words,",3
350,blockchain,11
351,movie,7
352,description,14
353,belongs,3
354,to.,6
355,Prices,1
356,expressed,4
357,what?,7
358,world,8
359,perfect,2
360,utopian,1
361,society.,2
362,base-12,1
363,integer,3
364,1531_12,1
365,divided,2
366,"8,",3
367,remainder?,1
368,Research,5
369,biography,1
370,famous,4
371,made,2
372,them,3
373,successful.,1
374,which,6
375,animal,7
376,text,21
377,reptile,1
378,characteristics,2
379,make,13
380,reptile.,1
381,were,12
382,historian,1
383,ancient,1
384,civilizations,1
385,found,4
386,evidence,1
387,sophisticated,1
388,"calendars,",1
389,possible,10
390,implications,3
391,discovery?,1
392,Provide,6
393,points.,1
394,chemical,2
395,"formula,",1
396,determine,8
397,average,6
398,mass,1
399,per,2
400,atom,1
401,response,5
402,someone,13
403,"ask,",1
404,'What,1
405,defines,1
406,leader?',1
407,Role,1
408,play,2
409,political,1
410,science,3
411,professor.,1
412,1/4,1
413,2^30,1
414,"4^x,",1
415,then,15
416,?,2
417,Turing,1
418,Test,1
419,rare,1
420,earth,1
421,elements,3
422,list,15
423,some,8
424,examples.,1
425,technology,13
426,phrase,16
427,"""digital",1
428,"divide"".",1
429,Assess,1
430,scenario,4
431,could,21
432,ethical,3
433,issue.,1
434,Summarize,27
435,Blockchain,1
436,single,1
437,sentence.,23
438,square,2
439,"1521,",1
440,(x+1)(x-1)?,1
441,"task,",2
442,tell,13
443,quality,1
444,described,3
445,"""food",1
446,"desert""",1
447,why,5
448,problem.,2
449,skyscraper,1
450,"Typically,",1
451,important,5
452,considerations,1
453,hiring,1
454,employee?,1
455,"sentence,",12
456,emotion,2
457,being,8
458,expressed?,1
459,message,4
460,theme,2
461,novel,4
462,reflect,1
463,these,5
464,ideas?,2
465,Consider,4
466,brief,3
467,synopsis.,1
468,pin,1
469,"is,",3
470,its,18
471,advantages.,1
472,see,7
473,went,1
474,Grand,1
475,Canyon.,1
476,black,3
477,hole,2
478,artificial,16
479,intelligence,13
480,impacting,1
481,our,3
482,lives?,2
483,learned,3
484,lecture.,1
485,digital,4
486,marketing,2
487,strategy.,1
488,word,23
489,be.,5
490,receive,1
491,extra,1
492,hour,1
493,free,5
494,time,4
495,"day,",1
496,do?,7
497,scientific,7
498,terms.,9
499,term,28
500,‚Äúsegmentation‚Äù,1
501,marketing.,1
502,genetic,2
503,"mutation,",1
504,means.,27
505,f,2
506,(x),1
507,g(x),5
508,x^2,2
509,"-6,",2
510,(g(2))?,1
511,Indian,1
512,removal,1
513,policies,1
514,about.,8
515,led,1
516,current,8
517,international,2
518,climate,3
519,‚Äúsubstitutable,1
520,technology‚Äù.,1
521,At,6
522,constant,2
523,"temperature,",3
524,pressure,3
525,sample,1
526,gas,3
527,inversely,1
528,proportional,1
529,volume.,1
530,I,35
531,oxygen,1
532,2.28,1
533,liter,2
534,container,3
535,5,10
536,kPa.,1
537,move,2
538,all,7
539,5.7,1
540,same,5
541,kPa?,1
542,404,1
543,error,3
544,fix,3
545,it.,8
546,critical,2
547,thinking,6
548,f(x),7
549,3x+2,1
550,"(x-1)^2,",1
551,f(g(-2))?,1
552,Write,19
553,explains,5
554,data,19
555,normalization,1
556,Pretend,3
557,talking,3
558,10-year-old.,1
559,simple,7
560,Find,10
561,year,17
562,company,5
563,was,23
564,founded.,1
565,dreams,1
566,are.,10
567,means,36
568,mindful,1
569,listener,2
570,Edit,6
571,"concise,",1
572,changes,4
573,decided,2
574,make:,1
575,"M(2,5)",1
576,midpoint,3
577,AB,2
578,"A(3,1)",1
579,"endpoint,",1
580,product,5
581,coordinates,1
582,point,4
583,B?,1
584,Imagine,26
585,detective,1
586,called,2
587,crime,1
588,scene.,1
589,do,40
590,upon,1
591,"arrival,",1
592,also,2
593,keeping,1
594,safety,1
595,mind.,1
596,wiki,1
597,words.,9
598,sqrt(5,1
599,x),2
600,sqrt(20,1
601,-,21
602,"7,",2
603,(5,1
604,x)(20,1
605,x)?,1
606,Guess,11
607,opposite,2
608,meaning,6
609,"""obscure"".",1
610,Generate,14
611,10,7
612,ideas,3
613,daily,2
614,hour.,1
615,two,32
616,"animals,",1
617,say,3
618,traits,1
619,share.,1
620,computing,3
621,power.,1
622,ratio,3
623,b,13
624,"3,",5
625,b=12-5a?,1
626,‚Äúnatural,1
627,processing‚Äù,1
628,suitable,1
629,outcome,1
630,situation.,2
631,situation,4
632,took,1
633,place.,2
634,wind,1
635,power,2
636,e-commerce,1
637,platform,1
638,Tell,48
639,"me,",1
640,first,18
641,thing,3
642,comes,4
643,mind,2
644,hear,2
645,'road'?,1
646,explanation,4
647,"""sustainability",1
648,"paradox""",1
649,closest,1
650,star,2
651,Earth.,1
652,greenhouse,3
653,effect.,1
654,feels,2
655,jump,1
656,into,5
657,pool,1
658,cold,1
659,water.,2
660,ways,19
661,1984,1
662,criticism,1
663,socialism?,1
664,"code,",4
665,each,10
666,line,6
667,calorimeter,1
668,for.,11
669,pronoun,1
670,"""It",2
671,raining,1
672,"hours.""",1
673,hard,1
674,drive,1
675,acronym,5
676,ARR,1
677,stands,5
678,story,15
679,key,4
680,events.,1
681,reduce,2
682,pollution?,1
683,DNA,2
684,different,6
685,types,1
686,taxes,1
687,briefly,1
688,tax,1
689,change,1
690,"""infrastructure""",1
691,perspective,1
692,public,1
693,policy.,1
694,Infer,5
695,may,3
696,feeling,5
697,job,9
698,analyst,2
699,desirable,1
700,"career,",1
701,say?,1
702,quote,5
703,means:,2
704,vector,1
705,programming.,3
706,compounds,1
707,combined.,1
708,happens,14
709,hurricane,1
710,forms.,1
711,teacher,2
712,great,2
713,mentor.,1
714,Break,1
715,cipher,1
716,me,54
717,says.,2
718,virus,2
719,Name,1
720,programming,2
721,languages,1
722,Of,2
723,Helium,1
724,composed?,1
725,"""artificial",1
726,"intelligence"".",1
727,convolutional,4
728,50,3
729,"less,",3
730,growth,2
731,mindset.,1
732,big,1
733,bang,1
734,theory,2
735,Determine,15
736,Answer,4
737,following:,2
738,capital,2
739,Botswana?,1
740,Principle,2
741,Superposition,1
742,states.,1
743,"paragraph,",3
744,idea?,1
745,says,1
746,no,5
747,idea,3
748,life.,3
749,figurative,2
750,assess,1
751,course,1
752,action,5
753,reasoning.,1
754,food,5
755,item,3
756,described.,2
757,clothing,1
758,wear?,1
759,brave.,1
760,prime,2
761,number,20
762,case-control,1
763,"studies,",1
764,definition,2
765,exposed,1
766,person?,2
767,stock,10
768,market,7
769,works.,4
770,collaborative,1
771,filtering.,1
772,hyperparameter,1
773,optimization,1
774,popular,2
775,techniques.,1
776,Give,3
777,short,10
778,Who,3
779,top,1
780,richest,1
781,people,8
782,net,1
783,worth?,1
784,features,3
785,secure.,1
786,‚Äúthink,1
787,outside,5
788,box‚Äù,1
789,‚Äúquantum,2
790,entanglement‚Äù,2
791,non-scientist,1
792,understand.,1
793,identify,6
794,application.,1
795,purpose.,2
796,inverse,1
797,question:,3
798,'Being,1
799,fluent,1
800,French,1
801,cooking,1
802,skills,1
803,required,3
804,"profession,",1
805,profession?,1
806,Active,1
807,Learning,2
808,Assume,2
809,manager,1
810,small,3
811,team,4
812,work.,2
813,email,3
814,regarding,2
815,upcoming,1
816,remote,1
817,team-building,1
818,"activity,",1
819,provide,7
820,details,1
821,"event,",2
822,"date,",1
823,"time,",1
824,expect.,1
825,Assuming,3
826,helping,1
827,user,7
828,shop,1
829,"online,",2
830,questions,2
831,ask,5
832,preferred,1
833,product?,2
834,part,3
835,speech?,1
836,edit,1
837,so,3
838,state,3
839,something,3
840,contrary,1
841,"""Garbage",1
842,"in,",1
843,garbage,1
844,"out""",1
845,self-awareness,1
846,1-2,1
847,centripetal,1
848,force.,2
849,example,8
850,does.,14
851,well-structured,1
852,essay,4
853,contain.,1
854,Briefly,3
855,quantum,2
856,‚ÄúMutual,1
857,Exclusion‚Äù,1
858,principle,2
859,parsimony,1
860,context,7
861,explanation.,1
862,"""social",1
863,media,2
864,"ecosystem"".",1
865,roots,1
866,quadratic,1
867,7x^2+3x+k,1
868,(-3¬±,1
869,"sqrt(299))/14,",1
870,k?,1
871,Big-O,1
872,notation,1
873,science.,5
874,For,15
875,"movie,",1
876,moral,2
877,value?,1
878,summer,2
879,"""convoluted",1
880,"network""",1
881,differs,2
882,regular,1
883,network.,2
884,"""root",1
885,cause,2
886,"analysis""",1
887,less,8
888,20,4
889,recipe,1
890,ingredients,2
891,dish,3
892,for:,1
893,engineering,1
894,sentences,6
895,"below,",3
896,clause,2
897,2nd,1
898,continuous,1
899,integration,1
900,(CI),1
901,Please,4
902,write,8
903,stress,1
904,affect,2
905,individual.,1
906,subject,3
907,Turing-complete,1
908,orgunism,1
909,describing.,2
910,coffee,3
911,presses,1
912,'Brew',1
913,button.,1
914,during,3
915,process,4
916,photosynthesis.,1
917,'count_words',1
918,Python.,1
919,catchy,1
920,title,3
921,blog,2
922,post,2
923,explaining,3
924,Machine,2
925,kind,21
926,detail,2
927,"""Diamonds",1
928,girl's,1
929,"friend"".",1
930,Read,4
931,color,9
932,emoji,1
933,üíö,1
934,metaphor,4
935,happened.,3
936,To,9
937,extent,3
938,use,9
939,live,3
940,Berlin,1
941,want,3
942,know,12
943,New,4
944,"York,",1
945,i,1
946,"x@y=xy-2x,",1
947,(7@4)-(4@7)?,1
948,feature,2
949,vector.,1
950,did,10
951,recent,1
952,financial,2
953,crisis,1
954,start?,1
955,Analyze,18
956,Create,8
957,quiz,1
958,India,1
959,correction,1
960,fragment,1
961,conflict,2
962,below,7
963,Heidi,1
964,paint,2
965,wall,2
966,45,1
967,"minutes,",1
968,fractional,1
969,she,12
970,9,2
971,minutes?,1
972,effects,2
973,COVID-19,1
974,pandemic,1
975,future,5
976,expression,3
977,(5^(1/3))/(5^(1/5)),1
978,equals,2
979,raised,2
980,power?,2
981,m,3
982,equation,5
983,(x+4)(x+1),1
984,2x,6
985,exactly,2
986,solution?,1
987,Express,8
988,common,10
989,fraction.,5
990,AI,11
991,enabled,1
992,do.,9
993,concept,4
994,Big,1
995,Data,1
996,companies,1
997,customers.,1
998,Deduce,2
999,statement,4
1000,mammal,1
1001,Jasmine,1
1002,paperclips,2
1003,"Monday,",1
1004,6,5
1005,"Tuesday,",1
1006,her,12
1007,proceeded,1
1008,triple,1
1009,subsequent,1
1010,day.,2
1011,On,2
1012,day,12
1013,week,1
1014,100,5
1015,paperclips?,1
1016,"""effect",1
1017,"change"".",1
1018,online,3
1019,photo,1
1020,editor,1
1021,submit,1
1022,form,6
1023,website.,1
1024,Discover,1
1025,weather,4
1026,tomorrow,3
1027,11,2
1028,am,5
1029,NewYork.,1
1030,sum,19
1031,squares,1
1032,nonnegative,1
1033,"a,b,",2
1034,c,2
1035,"39,",1
1036,ab,1
1037,bc,1
1038,ca,1
1039,"21,",1
1040,c?,1
1041,+q=59,1
1042,"(+q)+q=106,",1
1043,days,2
1044,now.,2
1045,"query,",1
1046,relevant,1
1047,FAQ,1
1048,topic,3
1049,list?,3
1050,'burden,1
1051,proof',1
1052,need,11
1053,look,14
1054,"web,",1
1055,name,3
1056,highest,1
1057,peak,1
1058,world?,1
1059,purpose,6
1060,hypothesis,2
1061,experiment?,1
1062,Look,3
1063,set,7
1064,indicates.,1
1065,happened,20
1066,Conexi√≥n,1
1067,Amor,1
1068,protest.,1
1069,zero-sum,1
1070,game,3
1071,"1/(3x+1),",1
1072,1?,1
1073,idea.,1
1074,hidden,2
1075,John,1
1076,discovered,2
1077,like.,16
1078,search,1
1079,engine,1
1080,Hemangioma,1
1081,treated.,1
1082,"a,b,c",1
1083,satisfy,1
1084,system,8
1085,equations,1
1086,12-3a,1
1087,a+c,1
1088,-14,1
1089,3b,1
1090,a+b,2
1091,7,5
1092,"3c,",1
1093,2a,1
1094,2b,1
1095,2c?,1
1096,relu,1
1097,activation,1
1098,"function,",2
1099,Geometry,1
1100,Chaos,1
1101,has.,3
1102,typical,5
1103,software,2
1104,development,2
1105,cycle?,1
1106,x+y,2
1107,x^2-y^2,2
1108,"12,",3
1109,x-y?,2
1110,boiling,1
1111,author,5
1112,implying,1
1113,summary,5
1114,"""After",1
1115,"Earth"".",1
1116,played,1
1117,"characters,",1
1118,overall,1
1119,reception?,1
1120,Choose,4
1121,existing,2
1122,work,4
1123,literature,2
1124,event,3
1125,occur.,1
1126,Internet,4
1127,Things,2
1128,(IoT),1
1129,Industrial,2
1130,Revolution,1
1131,activity,2
1132,soundtrack,1
1133,"""Beauty",1
1134,"Beast""",1
1135,used?,2
1136,think,10
1137,character,5
1138,after,5
1139,ended.,1
1140,password.,1
1141,SIM,1
1142,card,2
1143,anomaly,1
1144,detection,1
1145,applications.,1
1146,traditional,3
1147,Mexican,1
1148,cuisine,1
1149,government,1
1150,implements,1
1151,full,1
1152,lockdown,1
1153,due,1
1154,ongoing,1
1155,pandemic.,1
1156,Taj,1
1157,Mahal,1
1158,built?,1
1159,Add,1
1160,ending,2
1161,Sara,1
1162,walking,3
1163,felt,2
1164,hours.,1
1165,"Finally,",1
1166,looking,3
1167,"""complexity""",1
1168,terms,7
1169,"""Machine",1
1170,"Learning""",1
1171,'zero-sum,1
1172,game',1
1173,car,3
1174,mechanic,1
1175,"""change",1
1176,"oil""",1
1177,advantages,2
1178,underprivileged,1
1179,generation,1
1180,able,3
1181,business,7
1182,plan,3
1183,ideal,3
1184,classroom,1
1185,looks,13
1186,virus.,1
1187,betweeen,1
1188,SSL/TLS,1
1189,HTTPS.,1
1190,jumps,1
1191,off,2
1192,cliff,1
1193,bear,1
1194,gold,2
1195,month.,2
1196,Second,1
1197,Amendment,2
1198,United,5
1199,States,4
1200,Constitution,3
1201,five,5
1202,walk,2
1203,through,2
1204,enchanted,1
1205,forest,2
1206,sustainability,2
1207,include,4
1208,reveals,1
1209,store,2
1210,featured.,1
1211,koala.,1
1212,Question:,1
1213,Eiffel,1
1214,Tower?,1
1215,such,2
1216,4x^2,1
1217,12x,1
1218,"binomial,",1
1219,a?,1
1220,you're,3
1221,visiting,4
1222,"restaurant,",2
1223,waiter,1
1224,for?,4
1225,saying,5
1226,"""practice",1
1227,"perfect"".",1
1228,Suppose,4
1229,f(z),2
1230,g(z),2
1231,polynomials,3
1232,degree,5
1233,f(z).,1
1234,"two,",2
1235,f(z)+g(z)?,1
1236,"employee,",1
1237,duties,1
1238,included,1
1239,description?,1
1240,As,3
1241,"manager,",1
1242,week?,1
1243,Rewrite,9
1244,"""They",1
1245,waited,2
1246,seemed,1
1247,eternity,1
1248,"bus""",1
1249,Dow,1
1250,Jones,1
1251,Average,1
1252,closes,1
1253,today.,5
1254,split,2
1255,loads,1
1256,raw,1
1257,"data,",3
1258,detect,2
1259,written,1
1260,in.,1
1261,entrepreneur,1
1262,"website,",2
1263,layman‚Äôs,1
1264,trying,7
1265,argue,1
1266,role,1
1267,psychology.,1
1268,plausible,1
1269,Wikipedia,1
1270,imaginary,1
1271,Comment,1
1272,succinct:,1
1273,air,2
1274,colder,1
1275,yesterday.,1
1276,describing,3
1277,goldfish,1
1278,sees,1
1279,taken,2
1280,fishtank.,1
1281,three-point,1
1282,turn,2
1283,Rearrange,1
1284,create,1
1285,meaningful,1
1286,sentence:,5
1287,"""amazing",1
1288,"what"".",1
1289,unit:,1
1290,Four,2
1291,positive,8
1292,integers,3
1293,"A,",1
1294,"B,",1
1295,C,5
1296,D,2
1297,36.,1
1298,A+2,1
1299,B-2,1
1300,√ó,6
1301,√∑,2
1302,"2,",5
1303,A,9
1304,B,2
1305,D?,1
1306,'novel,1
1307,suggestion,1
1308,task'.,1
1309,contextual,1
1310,understanding,1
1311,language.,2
1312,triangle,3
1313,formed,1
1314,coordinates:,1
1315,"(4,",3
1316,"2),",1
1317,"(7,",1
1318,"9),",1
1319,11).,1
1320,his/her,1
1321,internal,1
1322,monologue.,1
1323,f(x,1
1324,2)?,1
1325,"instructions,",2
1326,predict,4
1327,executing,1
1328,instructions.,1
1329,Bob,1
1330,Dylan,1
1331,born?,2
1332,Circular,1
1333,Economy,1
1334,Gini,1
1335,coefficient,1
1336,"numbers,",4
1337,fourth,1
1338,F1,1
1339,score.,1
1340,"phrase,",1
1341,"""An",1
1342,apple,3
1343,keeps,1
1344,doctor,2
1345,"away.""",1
1346,Let,3
1347,p,2
1348,perpendicular,1
1349,bisector,1
1350,"(24,",1
1351,7),2
1352,"(3,",2
1353,4).,1
1354,meets,1
1355,"(x,",1
1356,"y),",1
1357,4y?,1
1358,equation:,1
1359,"(3-2)*(7+5),",1
1360,result?,2
1361,proverb,1
1362,Java,1
1363,Statement,1
1364,DeepFake,1
1365,technology.,2
1366,visualization.,1
1367,story.,3
1368,Sort,1
1369,foods,1
1370,consumed.,1
1371,sides,2
1372,create.,1
1373,adverb,3
1374,"""it""",1
1375,represents,1
1376,argument,1
1377,made?,2
1378,implied,2
1379,meaning?,1
1380,figure,1
1381,speech,4
1382,present,5
1383,consumer,1
1384,index,2
1385,(CPI).,1
1386,"disease,",1
1387,disease,1
1388,poem,3
1389,fit,3
1390,my,11
1391,personality,2
1392,interests.,1
1393,Abraham,1
1394,Lincoln,1
1395,his,6
1396,Gettysburg,1
1397,Address.,1
1398,Construct,4
1399,plagiarism,2
1400,"""I",8
1401,staying,1
1402,"today""",1
1403,predicate?,1
1404,Back,1
1405,Propagation,1
1406,'bias-variance,1
1407,trade-off'.,1
1408,paragraph:,1
1409,"""Grocery",1
1410,shopping,5
1411,event.,2
1412,Before,1
1413,emergence,1
1414,large,1
1415,supermarkets,1
1416,"malls,",1
1417,customers,4
1418,travel,4
1419,around,2
1420,shops,1
1421,get,4
1422,needed.,2
1423,Customers,1
1424,easily,1
1425,"for,",1
1426,there,3
1427,unified,1
1428,"list,",2
1429,storekeepers,1
1430,incentive,1
1431,offer,1
1432,cheaper,1
1433,prices.,1
1434,"""",1
1435,intelligence.,2
1436,speaker,5
1437,say.,2
1438,noun,2
1439,"common,",1
1440,"proper,",1
1441,abstract,1
1442,collective.,1
1443,source,2
1444,comment,2
1445,describes,5
1446,economy,1
1447,tackle,1
1448,preparation,1
1449,tasks,1
1450,trip?,1
1451,protagonist,3
1452,next.,1
1453,way:,1
1454,"is.""",1
1455,items,5
1456,total,3
1457,cost?,1
1458,y=kx^1/4,1
1459,y=3sqrt(2),1
1460,"x=81,",1
1461,x=4?,1
1462,beneficial,2
1463,individuals?,1
1464,episode,2
1465,TV,1
1466,show.,1
1467,met,1
1468,love.,1
1469,mean.,3
1470,‚ÄúEpidemic‚Äù,1
1471,Wikipedia.,1
1472,botnet,1
1473,below.,2
1474,replacing,1
1475,verb,3
1476,Fall,1
1477,spring,1
1478,antonym,2
1479,mean,1
1480,citizen,1
1481,country?,1
1482,reaction,3
1483,shows.,2
1484,Hypothesize,4
1485,humans,3
1486,stopped,1
1487,polluting,1
1488,environment.,1
1489,deep,3
1490,model,12
1491,model.,2
1492,contains,2
1493,incorrect,1
1494,grammar.,1
1495,incorrect.,1
1496,tourist,1
1497,"Rome,",1
1498,favorite,2
1499,sights?,1
1500,changing,1
1501,we,10
1502,learn?,1
1503,banana,1
1504,associated,3
1505,with.,2
1506,"""inculcate""",1
1507,simplest,1
1508,possible.,1
1509,Make,3
1510,prediction,1
1511,company's,1
1512,close,1
1513,g(x)=3x-4.,1
1514,g(a)=0?,1
1515,recursive,2
1516,function.,2
1517,cloud,2
1518,geometric,1
1519,sequence,8
1520,second,5
1521,205^th,1
1522,term?,2
1523,you.,3
1524,reciprocal,1
1525,"x+1/x=6,",1
1526,x^2+1/(x^2)?,1
1527,circumstances,2
1528,entity,1
1529,choose,1
1530,register,1
1531,Corporation?,1
1532,lunch,2
1533,relational,1
1534,database.,1
1535,refactor,1
1536,genre,1
1537,book,2
1538,‚ãÜ,2
1539,a^2,1
1540,2ab,1
1541,"b^2,",1
1542,6?,1
1543,AGI,1
1544,implications?,1
1545,serverless,1
1546,architecture,2
1547,proverb:,1
1548,"""You",2
1549,pay,1
1550,"for""",1
1551,shoes,1
1552,size,2
1553,foot,1
1554,length,1
1555,inches?,1
1556,'supply,1
1557,demand',1
1558,complete,1
1559,"""Find",1
1560,yesterday,1
1561,operation,2
1562,Z,2
1563,defined,2
1564,10a,1
1565,"a^2,",1
1566,2Z6?,1
1567,photographs,1
1568,evoke,1
1569,review,2
1570,feedback,1
1571,gave.,1
1572,circuit,1
1573,breaker,1
1574,relationship.,1
1575,under,1
1576,hood,1
1577,executes,1
1578,program.,2
1579,entrepreneurs?,1
1580,nuclear,1
1581,energy,1
1582,used.,3
1583,tools,1
1584,necessary,2
1585,setting,1
1586,server.,1
1587,commanding,1
1588,robotic,1
1589,understand,3
1590,said.,2
1591,Compose,1
1592,natural,5
1593,"instruction,",1
1594,"English,",1
1595,allow,1
1596,recognize,1
1597,'I,1
1598,blue,3
1599,"shirt,",1
1600,medium'.,1
1601,basic,2
1602,income?,1
1603,lengths,1
1604,"4,",1
1605,5.,1
1606,labor,1
1607,movement,1
1608,analogy,4
1609,variable,2
1610,containing,1
1611,points,2
1612,"(1,",2
1613,11),1
1614,intersect,1
1615,y-axis?,1
1616,ordered,2
1617,pair.,2
1618,"here""",1
1619,diversity,1
1620,detailed,1
1621,kitchen,1
1622,"item,",2
1623,output,6
1624,sun,2
1625,persuasive,1
1626,teacher.,1
1627,GPT,8
1628,down,2
1629,"term,",2
1630,summarize,3
1631,paragraph,7
1632,Earth,3
1633,outer,2
1634,space.,2
1635,Pareto,1
1636,workday,1
1637,programmer.,1
1638,research,2
1639,have.,1
1640,"""eye",1
1641,"storm""",1
1642,"""amaze""",1
1643,descriptoin,1
1644,centrifugal,1
1645,"feedback,",1
1646,any,6
1647,sentiment,3
1648,convey.,2
1649,relationship,1
1650,exists,1
1651,items.,1
1652,won,2
1653,million,1
1654,dollars,2
1655,"""you",1
1656,reap,1
1657,"sow"".",1
1658,segment,1
1659,located,1
1660,-2).,1
1661,endpoints,1
1662,"5),",1
1663,endpoint?,1
1664,"features,",1
1665,benefits,4
1666,receive.,1
1667,starting,3
1668,"business,",1
1669,factors,2
1670,consider?,2
1671,changed,3
1672,live?,1
1673,Using,3
1674,"input,",5
1675,social,3
1676,x^2-,1
1677,0,2
1678,‚â†,1
1679,"0,",2
1680,x?,5
1681,smartphone,1
1682,less.,2
1683,Take,1
1684,math,1
1685,"equation,",1
1686,layman's,1
1687,credit,1
1688,9s+5t=108,1
1689,s,2
1690,"t,",1
1691,t?,2
1692,Also,1
1693,known,1
1694,‚Äúcontext-aware,1
1695,computing‚Äù.,1
1696,causes,6
1697,excerpt,1
1698,2^x+,3
1699,2^x=,1
1700,"512,",1
1701,sales,2
1702,forecasting,1
1703,evolutionary,1
1704,advantage,1
1705,eating,1
1706,plants,1
1707,3?,1
1708,impact,2
1709,adoption,1
1710,A.I.,1
1711,market.,1
1712,GPT-3,2
1713,developer,1
1714,speaking,1
1715,audience,1
1716,"scientists,",1
1717,saying?,1
1718,array,2
1719,maximum,2
1720,subsequence,1
1721,non-adjacent,1
1722,elements?,1
1723,instruction?,1
1724,calculator,1
1725,carbon,4
1726,footprint,3
1727,hydraulic,1
1728,sweatshop,1
1729,Clarify,1
1730,method,1
1731,appropriate,1
1732,message:,1
1733,"""I'm",1
1734,stuck,2
1735,project,1
1736,don't,5
1737,"next""",1
1738,"""once""",1
1739,belong?,1
1740,Heraclitus,1
1741,never,1
1742,step,2
1743,river,1
1744,"twice"".",1
1745,f(x)=2x^4+x^3+x^2-3x+r.,1
1746,r,1
1747,f(2)=0?,1
1748,moon,1
1749,times,4
1750,bigger.,1
1751,2030.,2
1752,everyone,1
1753,recycled.,1
1754,"""encrypted",1
1755,"data""",1
1756,strong,4
1757,friendship,2
1758,processing,2
1759,(NLP),1
1760,argumentative,1
1761,fallacy,1
1762,represents.,1
1763,45th,1
1764,Office.,1
1765,Pick,3
1766,symbolizes.,1
1767,autumn,1
1768,York,1
1769,benefit,1
1770,Class,1
1771,java?,1
1772,constructor,1
1773,Java.,1
1774,importance.,1
1775,selection,1
1776,significance,1
1777,rate,1
1778,"7^4x=343,",1
1779,7^4x-3?,1
1780,temperatures,1
1781,night.,1
1782,four,5
1783,arithmetic,1
1784,10.,1
1785,fifth,2
1786,"5,",3
1787,sixth,1
1788,Translate,1
1789,Japanese,1
1790,dialect,1
1791,"""Hardships",1
1792,us,2
1793,"stronger.""",1
1794,combining,1
1795,together,1
1796,letter,2
1797,friend,2
1798,startup,1
1799,culture,3
1800,city.,1
1801,What,10
1802,friction,1
1803,decrease,1
1804,it?,3
1805,living,3
1806,tropical,1
1807,area,2
1808,eat.,1
1809,neutron,1
1810,exciting,1
1811,football,1
1812,match,1
1813,seen.,1
1814,deposit.,1
1815,"ingredients,",3
1816,ingredients.,1
1817,country,5
1818,President,2
1819,Roosevelt,1
1820,risk,1
1821,management,1
1822,plan.,1
1823,water,1
1824,boiled?,1
1825,ran,1
1826,world.,1
1827,'critical,1
1828,thinking',1
1829,decimal,3
1830,representation,1
1831,fraction,3
1832,ends,1
1833,0.3.,1
1834,reduced,1
1835,lowest,1
1836,"terms,",2
1837,denominator,1
1838,fraction?,1
1839,turned,1
1840,on.,1
1841,photo.,1
1842,"""fiscal",1
1843,"deficit""",1
1844,where,3
1845,every,3
1846,"healthcare,",1
1847,negative,1
1848,reality?,1
1849,sedimentary,1
1850,rock,1
1851,passing,1
1852,zoo.,1
1853,tsunami,1
1854,caused.,1
1855,prices,3
1856,"budget,",1
1857,afford.,1
1858,interview,1
1859,foreign,2
1860,country.,1
1861,vacation,1
1862,feel,3
1863,float,1
1864,night,2
1865,sky,2
1866,"opinion,",2
1867,qualities,1
1868,entrepreneur?,1
1869,age,5
1870,child,4
1871,legally,1
1872,stay,1
1873,home,3
1874,alone?,1
1875,constructions,1
1876,one:,1
1877,>,3
1878,forward,1
1879,hearing,1
1880,soon.,1
1881,It,2
1882,seems,2
1883,little,3
1884,strange,1
1885,me.,1
1886,better,3
1887,infinitive,1
1888,"""to",1
1889,"hear"".",1
1890,verbals...,1
1891,"Anyway,",2
1892,why?,1
1893,basics,1
1894,six,2
1895,"4.1,",1
1896,numbers?,2
1897,falls,1
1898,tree.,1
1899,"""A",1
1900,chef,1
1901,"food.""",1
1902,personal,1
1903,means?,2
1904,vivid,1
1905,life,3
1906,beekeeper,1
1907,passage,2
1908,bias,3
1909,switch,1
1910,flavor,1
1911,wheel,2
1912,3(-2),1
1913,‚àá,2
1914,"+2,",1
1915,equal?,1
1916,validator,1
1917,similar,3
1918,bicycle?,1
1919,Extract,1
1920,one-way,1
1921,ticket,1
1922,London,3
1923,York?,1
1924,song,3
1925,lyrics,1
1926,"""Twinkle",1
1927,twinkle,1
1928,"star,",1
1929,wonder,1
1930,"are"".",1
1931,make?,2
1932,Flesch-Kincaid,1
1933,ease,1
1934,score,1
1935,input,5
1936,"""Apple""",1
1937,asked,3
1938,rearrange,1
1939,letters,2
1940,"word,",2
1941,classify,2
1942,"year,",1
1943,descriptive,1
1944,year.,1
1945,"$10,000",1
1946,invest,1
1947,"startup,",1
1948,choose?,1
1949,Post-Traumatic,1
1950,Stress,1
1951,Disorder,1
1952,knowledge,1
1953,wisdom,1
1954,student.,2
1955,global,2
1956,goals,1
1957,retailers,1
1958,improve,3
1959,experience,2
1960,customers?,1
1961,planning,2
1962,birthday,2
1963,party,1
1964,"friend,",1
1965,special,4
1966,gifts,1
1967,give,5
1968,her?,1
1969,Both,1
1970,1.,2
1971,a^b,1
1972,greatest,5
1973,"399,",1
1974,b?,3
1975,leadership,2
1976,State,1
1977,suited,1
1978,monotheistic,1
1979,religion,1
1980,start,1
1981,Investigate,1
1982,options,2
1983,testing,1
1984,models.,1
1985,frameworks,1
1986,tasks.,1
1987,Reorder,1
1988,materials,1
1989,build,1
1990,birdhouse.,1
1991,purposes,1
1992,website,3
1993,statement.,2
1994,Monte,1
1995,Carlo,1
1996,simulation,1
1997,partners,1
1998,decide,1
1999,profits,1
2000,2:3:3:5.,1
2001,profit,1
2002,"$26,000",1
2003,largest,2
2004,received,2
2005,partners?,1
2006,neuron,1
2007,brain,2
2008,‚Äúnet,1
2009,emissions‚Äù,1
2010,Quantum,1
2011,Computer.,1
2012,Boston,1
2013,Tea,1
2014,Party,1
2015,self-esteem.,1
2016,m/n,1
2017,"15,",1
2018,p/n,1
2019,p/q,1
2020,"1/10,",1
2021,m/q?,1
2022,internet,2
2023,influence,2
2024,tutorial,1
2025,(2x^3+3)/(x^2-20x+100),1
2026,defined?,1
2027,GPU,1
2028,"points,",3
2029,line?,1
2030,'Star,1
2031,Wars',1
2032,perceptron,1
2033,algorithm.,1
2034,U.S.,1
2035,adopted.,1
2036,dogs,1
2037,intelligent?,1
2038,wrong,4
2039,"photograph,",1
2040,2-3,1
2041,Change,1
2042,"tense,",1
2043,deleting,1
2044,unnecessary,1
2045,process:,1
2046,"is"".",1
2047,Soen?,1
2048,x%,1
2049,four-digit,1
2050,repeated,2
2051,digit,3
2052,(the,1
2053,digits,1
2054,"adjacent),",1
2055,nearest,1
2056,tenth.,1
2057,label,1
2058,alcohol,1
2059,bottle,1
2060,contains.,1
2061,least,3
2062,"sentences,",2
2063,idiom,2
2064,"""cut",1
2065,"chase""",1
2066,"""get",1
2067,feet,1
2068,"wet""",1
2069,dialogue,1
2070,suggests,1
2071,people.,3
2072,Evaluate,1
2073,Report,1
2074,offer.,1
2075,iPad,1
2076,laptop,2
2077,computer?,1
2078,cat,2
2079,"door,",1
2080,sentence?,1
2081,'creative,1
2082,problem-solving'.,1
2083,include?,1
2084,airplane,1
2085,exceeds,1
2086,speed,2
2087,sound.,1
2088,sustainable,4
2089,agriculture,1
2090,"16,",2
2091,values,2
2092,"excerpt,",2
2093,supervised,2
2094,graphite,1
2095,pencil,1
2096,composed,1
2097,"""random",1
2098,"sampling""",1
2099,painters,1
2100,works,1
2101,distinctive,1
2102,other.,1
2103,"""healthy",1
2104,"lifestyle""?",1
2105,SCUBA,1
2106,stand,2
2107,SEO,1
2108,"animal,",3
2109,25,1
2110,stored,1
2111,Sum,1
2112,word:,1
2113,He,2
2114,sad,1
2115,because,2
2116,he,8
2117,wanted.,1
2118,tomorrow.,1
2119,serif,2
2120,sans,1
2121,font.,1
2122,city,2
2123,"culture,",1
2124,consider,1
2125,before,2
2126,moving?,1
2127,"""unicorn",1
2128,"startup""",1
2129,analysis.,1
2130,Hadoop,1
2131,cluster,1
2132,25%,1
2133,20%,1
2134,"30,",1
2135,number?,2
2136,synonym,1
2137,replaces,1
2138,bolded,1
2139,see.,1
2140,hash,1
2141,historical,2
2142,requires.,1
2143,offers.,1
2144,important.,1
2145,refactoring,1
2146,stranded,1
2147,deserted,2
2148,"island,",2
2149,Since,1
2150,databases,1
2151,account,1
2152,selecting,1
2153,right,1
2154,one?,1
2155,leader,2
2156,possess,1
2157,products,1
2158,conclusion,1
2159,better.,1
2160,chatbot,2
2161,Outline,2
2162,clean,1
2163,window.,1
2164,relativity.,1
2165,3D,1
2166,printer,1
2167,"do,",1
2168,elimination?,1
2169,colors,2
2170,emotions,2
2171,evoke.,1
2172,Speculate,2
2173,future?,1
2174,go,1
2175,camping,1
2176,"trip,",1
2177,bring?,1
2178,particular,1
2179,taken.,1
2180,"statement,",1
2181,market's,1
2182,Reflect,1
2183,articulate,1
2184,perspective.,1
2185,priority,1
2186,queue,1
2187,Science,1
2188,trivia,1
2189,atomic,1
2190,atom?,1
2191,predicting,1
2192,scenario.,3
2193,PCR,1
2194,spend,1
2195,essential,1
2196,survive?,1
2197,news,2
2198,today,1
2199,polite.,1
2200,ocean,1
2201,unique.,1
2202,organizations,2
2203,authority,1
2204,over,6
2205,internet.,1
2206,constitutes,2
2207,fair,1
2208,copyrighted,1
2209,material,1
2210,educational,1
2211,setting.,1
2212,Schoolteachers,1
2213,responsible,1
2214,Goal:,1
2215,Provided,1
2216,space-separated,2
2217,Fibonacci-like,2
2218,missing.,1
2219,is!,1
2220,Fibonacci,1
2221,previous,3
2222,These,1
2223,"""Fibonacci-like""",1
2224,sequences,1
2225,progression,1
2226,"rule,",1
2227,but,5
2228,seed,2
2229,values.,2
2230,example:,1
2231,"1,",2
2232,"13,",1
2233,...,1
2234,(0,1
2235,"items,",1
2236,"0+1=1,",1
2237,"1+1=2,",1
2238,"1+2=3,",1
2239,"2+3=5,",1
2240,etc),1
2241,Input:,1
2242,Line,2
2243,1:,3
2244,replaced,2
2245,mark,3
2246,(?),1
2247,Output:,1
2248,"""no",1
2249,matter,1
2250,"what.""",1
2251,HTML,2
2252,Star,1
2253,Wars:,1
2254,Hope,1
2255,released,1
2256,five-paragraph,1
2257,essay.,1
2258,done,1
2259,emissions,1
2260,30%,1
2261,years.,1
2262,general,2
2263,gets,1
2264,infected,1
2265,Covid-19.,1
2266,comets,1
2267,collide.,1
2268,cryptocurrencies,1
2269,internet?,1
2270,microservices,1
2271,benefits?,1
2272,Mark,2
2273,Sandy,2
2274,convenience,2
2275,coordinates.,1
2276,standing,3
2277,"(0,7),",1
2278,"(-4,-1).",1
2279,coordinate,2
2280,meet?,1
2281,basis,1
2282,First,1
2283,preprocessing,2
2284,process.,1
2285,recommendation,1
2286,provide.,2
2287,Calculate,3
2288,24,1
2289,equal,2
2290,bag,1
2291,grapes,3
2292,distributed,2
2293,evenly,1
2294,kids,1
2295,"class,",1
2296,left,3
2297,thrown,2
2298,out.,1
2299,student,3
2300,receives,1
2301,"grapes,",1
2302,out?,1
2303,-4‚â§,1
2304,x‚â§-2,1
2305,2‚â§,1
2306,"y‚â§4,",1
2307,(x+y)/x?,1
2308,photovoltaic,1
2309,cell,1
2310,Recognize,1
2311,active,1
2312,"questions,",3
2313,falling,1
2314,cliff.,1
2315,feeling.,1
2316,logical,2
2317,syllogism,1
2318,fashion,3
2319,trend,2
2320,fall,3
2321,season,1
2322,"message,",1
2323,writing,1
2324,style,1
2325,adopted?,1
2326,adjectives,1
2327,example.,5
2328,problem,2
2329,"computer,",1
2330,virtual,1
2331,Mediterranean,1
2332,Sea,1
2333,located?,2
2334,marathon,1
2335,26,1
2336,miles,4
2337,385,1
2338,yards.,2
2339,mile,1
2340,1760,1
2341,Leila,2
2342,run,1
2343,ten,1
2344,marathons,2
2345,distance,3
2346,covered,2
2347,"yards,",1
2348,0‚â§,1
2349,"y<1760,",1
2350,y?,2
2351,disasters,1
2352,one.,2
2353,lead,2
2354,lifestyle,1
2355,"""The",7
2356,jumped,1
2357,"moon.""",1
2358,"integers,",2
2359,integers?,1
2360,attributes,1
2361,carries.,1
2362,"verb,",2
2363,elderly,1
2364,father,3
2365,suffers,1
2366,memory,2
2367,problems,1
2368,him?,1
2369,becoming,1
2370,too,2
2371,dependent,1
2372,this?,2
2373,ozone,1
2374,layer,2
2375,pejorative,1
2376,introduced,1
2377,2100.,1
2378,node,1
2379,degrees,1
2380,"Celsius,",1
2381,Fahrenheit?,1
2382,85.,1
2383,70,1
2384,76,1
2385,removed,1
2386,remaining,1
2387,quadrilateral,1
2388,based,5
2389,information.,1
2390,threatened,1
2391,online.,1
2392,life?,3
2393,table,1
2394,f^-1,1
2395,"exists,",1
2396,f^-1(f^-1(f^-1(1)))?,1
2397,behavior,2
2398,humans?,1
2399,communication?,2
2400,"""the",2
2401,moving,1
2402,finger,1
2403,"writes,",1
2404,having,2
2405,"writ,""",1
2406,Rubaiyat,1
2407,Omar,1
2408,"Khayyam"".",1
2409,configuration.,1
2410,traffic,1
2411,"concept,",1
2412,inference,1
2413,statement:,1
2414,didn't,1
2415,"expect.""",1
2416,open,1
2417,"store,",2
2418,advice,1
2419,them?,1
2420,usually,1
2421,chlorophyll?,1
2422,rhyme,1
2423,scheme,2
2424,poem.,1
2425,"dark,",1
2426,While,1
2427,others,1
2428,can't,3
2429,even,2
2430,"spark,",1
2431,light,2
2432,that'll,1
2433,just,4
2434,"right,",1
2435,So,1
2436,alien,4
2437,time.,3
2438,seeing.,1
2439,pill,2
2440,red,1
2441,symbolize,1
2442,"Matrix"".",1
2443,"""GDP""",2
2444,high-level,1
2445,'algorithm',1
2446,quote:,3
2447,"""Life",2
2448,"it.""",1
2449,k,1
2450,represented,1
2451,-1/2-2kx,1
2452,5y,1
2453,contain,1
2454,"(1/4,-6)?",1
2455,flag,1
2456,rhetorical,1
2457,two.,1
2458,solving,1
2459,finding,2
2460,solution.,1
2461,networks.,1
2462,layers,1
2463,static,1
2464,analysis,2
2465,replacement.,1
2466,"""do",1
2467,put,1
2468,eggs,1
2469,"basket.""",1
2470,I/O,1
2471,operating,2
2472,systems.,1
2473,practice,1
2474,service?,1
2475,conversation?,1
2476,Person,2
2477,I'm,2
2478,sure,2
2479,2:,1
2480,one-sentence,1
2481,person's,2
2482,improved?,1
2483,proper,3
2484,teaching,1
2485,executing/applying,1
2486,heard,1
2487,without,2
2488,applying,1
2489,reason?,1
2490,heard.,1
2491,pens,2
2492,pencils,2
2493,cost,3
2494,$2.24.,1
2495,Two,1
2496,$1.54.,1
2497,No,1
2498,tax.,1
2499,"cents,",1
2500,pencil?,1
2501,superpowers.,1
2502,percentage,2
2503,8,4
2504,coronavirus.,1
2505,environmental,1
2506,sustainability.,1
2507,Declaration,1
2508,Independence,1
2509,signed?,1
2510,‚Äúwhite,1
2511,hat,1
2512,hacker‚Äù,1
2513,detail.,1
2514,practices,1
2515,survey,2
2516,answers,1
2517,algorithms,1
2518,perform.,1
2519,rights,1
2520,parents,1
2521,children,3
2522,develop,2
2523,skills?,1
2524,Ponzi,1
2525,is?,1
2526,*,3
2527,non-zero,1
2528,follows:,1
2529,1/a,1
2530,1/b.,1
2531,"20,",2
2532,a*b?,1
2533,trigonometric,1
2534,functions,1
2535,user-friendly,1
2536,offsetting,1
2537,'digital,1
2538,literacy'.,1
2539,author.,1
2540,wallets,1
2541,paper,1
2542,wallets?,1
2543,Eleanor,2
2544,making,1
2545,chocolate,1
2546,chip,1
2547,cookies,5
2548,friends.,1
2549,divides,2
2550,equally,3
2551,among,2
2552,"friends,",2
2553,she'll,2
2554,over.,2
2555,cookie,1
2556,fewer,1
2557,"cookies,",1
2558,economical,1
2559,event?,1
2560,"""normalization""",1
2561,database,1
2562,design.,1
2563,'zero,1
2564,defect,1
2565,programming'?,1
2566,non-technical,1
2567,embedding,1
2568,Learning.,1
2569,morning,3
2570,school.,1
2571,Detect,1
2572,potential,1
2573,irony,1
2574,"yes,",1
2575,"no,",1
2576,no.,1
2577,',1
2578,development'.,1
2579,text.,3
2580,cosine,1
2581,similarity.,1
2582,decreasing,1
2583,tenth,1
2584,sequence?,1
2585,address,1
2586,inquiry:,1
2587,"Saturday,",1
2588,today?,1
2589,oasis,1
2590,reason,2
2591,denied,1
2592,entry,1
2593,States?,1
2594,museum.,1
2595,lottery.,1
2596,that.,1
2597,working,1
2598,mobile,1
2599,app,1
2600,diet,1
2601,referring,1
2602,Block,1
2603,Chain.,1
2604,bad,1
2605,funnel,1
2606,monopoly,1
2607,"""smart",1
2608,"device""",1
2609,meteors,1
2610,collided.,1
2611,-2,1
2612,x^3,1
2613,2?,1
2614,"""object-oriented",1
2615,"programming""",1
2616,Cite,1
2617,capable,2
2618,doing,1
2619,suffice,1
2620,solve,1
2621,world's,1
2622,"problems"".",1
2623,"""Market",1
2624,"Bubble""",1
2625,mining,2
2626,"C=5/9(F-32),",1
2627,F,1
2628,C=20?,1
2629,gentrification,1
2630,city?,1
2631,Photosynthesis,1
2632,Respiration.,1
2633,asleep.,1
2634,RAM,1
2635,"""natural",1
2636,"processing"".",1
2637,economic,3
2638,demand?,1
2639,product.,1
2640,carries,1
2641,emotion?,1
2642,datasets,1
2643,thermometer,1
2644,July,1
2645,"23rd,",1
2646,1990,1
2647,motivates,1
2648,profession.,1
2649,analytics,1
2650,operations?,1
2651,meaning.,1
2652,"analyst,",1
2653,explore,1
2654,dataset?,1
2655,AAA_4,1
2656,"33_b,",1
2657,base,2
2658,greater,1
2659,smallest,1
2660,A+b?,1
2661,"article,",1
2662,mention?,1
2663,lines,1
2664,conveys,1
2665,crawler,2
2666,Hubble,1
2667,Space,1
2668,Telescope,1
2669,purpose?,2
2670,designing,1
2671,"firm,",1
2672,feature(s),1
2673,page?,1
2674,policy,1
2675,pursued,1
2676,government.,1
2677,AI.,1
2678,'economies,1
2679,scale',1
2680,antivirus,1
2681,"""good""",1
2682,doing.,2
2683,‚ÄúPlease,1
2684,"dog‚Äù,",1
2685,dealing,1
2686,land,1
2687,moon?,1
2688,planet,2
2689,Mars.,1
2690,concise:,2
2691,"""One",1
2692,things,2
2693,everybody,1
2694,"are.""",1
2695,heart,1
2696,Android,1
2697,OS,1
2698,symbol,1
2699,earth's,1
2700,atmosphere,1
2701,suddenly,1
2702,disappeared,1
2703,'tangible',1
2704,warning,1
2705,signs.,1
2706,verb?,1
2707,result,2
2708,subtracting,1
2709,"description,",1
2710,category,1
2711,Classify,2
2712,either,2
2713,"positive,",1
2714,"negative,",1
2715,neutral.,1
2716,finish,1
2717,I've,1
2718,"started.""",1
2719,composition,1
2720,presented,2
2721,"superhero,",1
2722,what‚Äôs,1
2723,clear,1
2724,de-stress.,1
2725,DDoS,1
2726,attack.,1
2727,textual,1
2728,"interface,",1
2729,actions,1
2730,believe,1
2731,biggest,1
2732,issue,1
2733,facing,1
2734,chart,2
2735,selected,1
2736,cities.,1
2737,cities,1
2738,chosen,1
2739,"random,",1
2740,probability,4
2741,7000,1
2742,miles?,1
2743,Bangkok,2
2744,Cape,2
2745,Town,2
2746,Honolulu,2
2747,6300,2
2748,6609,2
2749,5944,2
2750,"11,535",2
2751,5989,2
2752,7240,2
2753,technical,1
2754,cycle,1
2755,cyclist,1
2756,riding.,1
2757,Periodic,1
2758,Table,1
2759,Elements,1
2760,unique,1
2761,spoken,2
2762,South,1
2763,Africa.,1
2764,invent,1
2765,"superpower,",1
2766,superpower,1
2767,be?,1
2768,Do,1
2769,"""RFC""",1
2770,Walt,1
2771,Disney,1
2772,founded?,1
2773,express,1
2774,distinct,2
2775,powers,3
2776,2^4,1
2777,2^2.,1
2778,exponents,2
2779,6.,1
2780,1562,1
2781,powers?,1
2782,Rs,1
2783,Think,3
2784,"""prosperity""",1
2785,"""data",1
2786,"visualization""",1
2787,app?,1
2788,mode,1
2789,transport.,1
2790,third,2
2791,mouse,1
2792,invented?,1
2793,visualizations,1
2794,produced,1
2795,data.,1
2796,billing,1
2797,partial,1
2798,usage?,1
2799,moved,2
2800,"apartment,",1
2801,bill,1
2802,only,2
2803,charged,1
2804,3rd,1
2805,(when,1
2806,in),1
2807,12th,1
2808,[insert,1
2809,here],1
2810,billing.,1
2811,Another,1
2812,doesn't,1
2813,acceptable.,1
2814,monitor,1
2815,"story,",2
2816,FIFA,1
2817,convey?,1
2818,storage,1
2819,array.,1
2820,random,2
2821,Output,1
2822,nouns,1
2823,"them,",1
2824,separated,1
2825,comma.,1
2826,Facebook,1
2827,determines,1
2828,posts,1
2829,display,1
2830,user's,2
2831,newsfeed.,1
2832,"""deep",1
2833,"learning""",1
2834,importance,2
2835,d,1
2836,five-digit,1
2837,2345d,1
2838,multiple,1
2839,9?,1
2840,globalization,1
2841,photoelectron,1
2842,spectroscopy,1
2843,healthy,1
2844,lifestyle.,1
2845,string,1
2846,done.,1
2847,"""frictionless",1
2848,payment,1
2849,"experience""",1
2850,it's,3
2851,pet,2
2852,dog?,1
2853,"x+1/x=-5,",1
2854,x^3+1/(x^3)?,1
2855,'heterogeneous,1
2856,environment',1
2857,snippet:,1
2858,alone,1
2859,library,1
2860,days.,1
2861,clicks,1
2862,link.,1
2863,week's,1
2864,lesson.,1
2865,spare,1
2866,cross-validation,1
2867,important?,2
2868,emotional,2
2869,factual:,1
2870,overwhelmed,1
2871,"sadness,",1
2872,true.,1
2873,punctuation,1
2874,exemplified,1
2875,"sport,",1
2876,equipment,1
2877,catch,1
2878,ball?,1
2879,emotion.,1
2880,spoon?,1
2881,region,1
2882,Albuquerque,1
2883,sounds,1
2884,cats,1
2885,hear.,1
2886,"it""?",1
2887,3x+2=8,1
2888,planet.,1
2889,World,1
2890,War,2
2891,II,1
2892,declared?,1
2893,business.,1
2894,"scenario,",1
2895,environment,1
2896,decade.,1
2897,Comparing,1
2898,Microsoft,1
2899,Office,1
2900,Google,1
2901,"Docs,",1
2902,major,2
2903,features?,1
2904,Kaggle,1
2905,properties,1
2906,number.,1
2907,root-mean-square,1
2908,measures.,1
2909,lyric.,1
2910,Compare,1
2911,contrast,1
2912,vs.,1
2913,follower.,1
2914,theories,1
2915,citizen.,1
2916,challenges,1
2917,face.,1
2918,thrice-cooked,1
2919,potato,1
2920,tastes,1
2921,author's,2
2922,opinion/stance.,1
2923,AI-driven,1
2924,"product,",1
2925,allowed,1
2926,account?,1
2927,park.,2
2928,proof,1
2929,mathematics.,1
2930,Isaac,1
2931,Newton,1
2932,"[red,",1
2933,"green,",1
2934,blue],1
2935,combination,1
2936,includes,1
2937,chorus:,1
2938,"""Doing",1
2939,"love!""",1
2940,cheating,1
2941,mountain,1
2942,ranges.,1
2943,consists,1
2944,2010,2
2945,Each,2
2946,larger,1
2947,term.,1
2948,5307.,1
2949,added,1
2950,"up,",2
2951,last,2
2952,sum?,1
2953,something.,1
2954,"Amanda,",1
2955,"Ben,",1
2956,Carlos,1
2957,share,1
2958,money.,1
2959,Their,1
2960,portions,1
2961,"1:2:7,",1
2962,respectively.,1
2963,Amanda's,1
2964,portion,1
2965,"$20,",1
2966,amount,1
2967,money,1
2968,shared?,1
2969,"cartoon,",1
2970,caricature,1
2971,implies.,1
2972,‚Äî,3
2973,missing,1
2974,indicate,1
2975,well?,1
2976,She,4
2977,_____,1
2978,herself,2
2979,quite,2
2980,nicely.,1
2981,It's,1
2982,bit,1
2983,odd,1
2984,efface,1
2985,escape.,1
2986,tip,2
2987,tongue,2
2988,remember,1
2989,now...,1
2990,defended,1
2991,well,1
2992,read,1
2993,holds,1
2994,autism?,1
2995,words:,1
2996,"what,",1
2997,"long,",1
2998,take.,1
2999,multiple-choice,1
3000,ratified,1
3001,year?,1
3002,democracy,1
3003,solution,1
3004,article.,1
3005,concise,1
3006,"way,",1
3007,latest,1
3008,‚ÄúAI,1
3009,healthcare‚Äù,1
3010,clock,1
3011,struck,1
3012,midnight.,1
3013,cannot,2
3014,Indirect,1
3015,Communication,1
3016,Agile,1
3017,Software,1
3018,Development,1
3019,reader,1
3020,understands,1
3021,writer,1
3022,explain.,1
3023,skill,1
3024,sets,1
3025,transferable,1
3026,profile.,1
3027,revise,1
3028,writing?,1
3029,'cache',1
3030,computers?,1
3031,far,2
3032,"tree"",",1
3033,mean?,1
3034,tweet,2
3035,summarizing,1
3036,Jurassic,1
3037,Park,1
3038,AI-enabled,1
3039,to?,3
3040,themes,1
3041,below:,1
3042,anagram.,1
3043,Cut,1
3044,half,1
3045,grammatically,1
3046,going,2
3047,"buy.""",1
3048,winter,1
3049,season.,1
3050,cafe.,1
3051,animation,1
3052,"title,",1
3053,expect,1
3054,provided,4
3055,quote.,1
3056,"models,",1
3057,model?,1
3058,simile,1
3059,bond,1
3060,yield,1
3061,thirds,1
3062,fifty,2
3063,alphabet,1
3064,assigned,1
3065,"value,",1
3066,H=10.,1
3067,letters',1
3068,MATH,1
3069,35,1
3070,TEAM,1
3071,42,1
3072,MEET,1
3073,38,1
3074,A?,1
3075,Titanic,1
3076,sunk?,1
3077,"""out",1
3078,"blue""",1
3079,hero,1
3080,shot,1
3081,asynchronous,1
3082,"""We",1
3083,limited,1
3084,"have.""",1
3085,problem?,1
3086,grammar:,1
3087,"do""",1
3088,"simplified,",1
3089,sqrt(3)√ó,1
3090,3^1/2,1
3091,12,1
3092,4^3/2?,1
3093,pros,1
3094,cons,1
3095,owning,1
3096,pet.,1
3097,thunderstorm.,1
3098,Confusion,1
3099,Matrix,1
3100,Help,1
3101,backlinks.,1
3102,punctuation:,1
3103,desert.,1
3104,function?,1
3105,(input),1
3106,{,1
3107,return,1
3108,},1
3109,"situation,",1
3110,predictions,1
3111,October?,1
3112,'Schadenfreude',1
3113,refers,1
3114,chapter,1
3115,Catcher,1
3116,"Rye""",1
3117,Can,1
3118,summarise,1
3119,about?,1
3120,quarterly,1
3121,earnings,1
3122,report,2
3123,magenta,1
3124,prince,1
3125,marry,1
3126,Cinderella?,1
3127,1/x,2
3128,1/y,2
3129,-7,1
3130,playing,1
3131,board,1
3132,game.,1
3133,intentionally,2
3134,ignores,1
3135,rule/regulation/order?,1
3136,There,1
3137,girl,2
3138,lab,2
3139,"who,",1
3140,despite,1
3141,corrected,1
3142,numerous,1
3143,"past,",1
3144,continues,1
3145,disregard,1
3146,procedures,1
3147,chain,1
3148,command.,1
3149,constantly,1
3150,goes,1
3151,supervisors',1
3152,"heads,",1
3153,stepping,1
3154,creating,1
3155,somewhat,1
3156,problems.,1
3157,snobbish,1
3158,aura,1
3159,undeserved,1
3160,superiority,1
3161,arrogance,1
3162,borders,1
3163,disorder,1
3164,"and,",1
3165,"read,",1
3166,much,1
3167,grander,1
3168,metaphoric,1
3169,comparison,1
3170,inflated,1
3171,sense,1
3172,self,1
3173,worth.,1
3174,"unwilling,",1
3175,simply,1
3176,"unable,",1
3177,admit,1
3178,mistakes,1
3179,excuse,1
3180,question/action/accusation,1
3181,way.,1
3182,again,1
3183,obsessed,1
3184,accurately,1
3185,ignoring,1
3186,disregarding,1
3187,position,1
3188,rules,1
3189,forth.,1
3190,remember.,1
3191,Any,1
3192,love,1
3193,"do"".",1
3194,Marika's,3
3195,8^th,1
3196,"birthday,",1
3197,"2004,",1
3198,"said,",1
3199,‚ÄùMy,2
3200,now,2
3201,age.‚Äù,1
3202,"say,",1
3203,"age,‚Äù",1
3204,birthday?,1
3205,produce,2
3206,synopsis,1
3207,lines.,1
3208,astronaut,1
3209,With,2
3210,"examples,",1
3211,word?,1
3212,"products,",1
3213,listed,1
3214,assist,1
3215,generate.,1
3216,‚Äòrecursion‚Äô,1
3217,n,1
3218,ranges,1
3219,divisor,1
3220,11n+3,1
3221,6n+1?,1
3222,generative,1
3223,adversarial,1
3224,(GAN),1
3225,magnitude,1
3226,earthquake,1
3227,store.,1
3228,years,1
3229,captures,1
3230,essence,1
3231,career,1
3232,entails.,1
3233,swan,1
3234,rewritten,1
3235,formal,1
3236,tone.,1
3237,reverse,1
3238,auction,1
3239,won't,1
3240,causing,1
3241,you?,1
3242,behind,1
3243,electrical,2
3244,circuit.,1
3245,Fix,1
3246,mistake,1
3247,executed.,1
3248,By,1
3249,instructions,1
3250,environment?,1
3251,p(x),1
3252,q(x),1
3253,3x,1
3254,b.,1
3255,p(q(4)),1
3256,4/3,1
3257,(r,1
3258,t),1
3259,"r,",1
3260,"s,",1
3261,Conduct,1
3262,iPhone.,1
3263,birth,1
3264,boy,3
3265,"likely,",1
3266,family,1
3267,girl?,1
3268,plane.,1
3269,Under,2
3270,scenarios,1
3271,network?,1
3272,party.,1
3273,conditions,1
3274,remain,1
3275,constant?,1
3276,After,1
3277,watching,1
3278,"documentary,",1
3279,arguments,1
3280,documentary?,1
3281,street,1
3282,town.,1
3283,180,1
3284,15,1
3285,gallons,1
3286,"gasoline,",1
3287,fuel,1
3288,efficiency,1
3289,MPG?,1
3290,infer,1
3291,deejay,1
3292,"set,",1
3293,called.,1
3294,neuromarketing,1
3295,strategy,2
3296,"""once",1
3297,"bitten,",1
3298,twice,1
3299,"shy""?",1
3300,diagnose,1
3301,patient.,1
3302,order?,1
3303,old,1
3304,window,1
3305,rainstorm,1
3306,medical,1
3307,define,1
3308,generate,1
3309,signifies.,1
3310,shipping,1
3311,point?,1
3312,exponential,1
3313,Python,1
3314,output?,1
3315,engagement,1
3316,kinds,1
3317,healthcare,1
3318,sector.,1
3319,Tesla,1
3320,Autopilot,1
3321,-2x,1
3322,7x,1
3323,agent,1
3324,expresses,1
3325,complaint.,1
3326,hashtag,1
3327,#MyDayIn140Characterswould,1
3328,narrative,1
3329,weekend.,1
3330,Every,1
3331,Tim,1
3332,wakes,1
3333,groggily,1
3334,searches,1
3335,sock,1
3336,drawer,1
3337,picks,2
3338,socks,3
3339,randomly.,1
3340,gray-bottomed,1
3341,white-bottomed,1
3342,"drawer,",1
3343,matching,1
3344,pair?,1
3345,‚ÄúLife,1
3346,dwell,1
3347,past.‚Äù,1
3348,Leading,1
3349,boss,1
3350,challenging.,1
3351,techniques,1
3352,effectively,1
3353,managing,1
3354,boss.,1
3355,'comfortably,1
3356,numb',1
3357,needed,2
3358,"quickly,",1
3359,undertake?,1
3360,Bloom,1
3361,filter,1
3362,Classification,1
3363,Task:,1
3364,belong,1
3365,'adversity',1
3366,python,1
3367,calling,1
3368,argument:,1
3369,count_words('Loving,1
3370,life'),1
3371,Hear,1
3372,English,1
3373,Spanish,1
3374,translation?,1
3375,"conditions,",1
3376,bring,1
3377,camping?,1
3378,divisor?,1
3379,currently,1
3380,concerned?,1
3381,Apple,1
3382,release,1
3383,iPhone?,1
3384,3-dimensional,1
3385,spacecraft,1
3386,docking,1
3387,space,1
3388,station.,1
3389,prevent,1
3390,program,1
3391,compiling.,1
3392,leaving,1
3393,forgotten,1
3394,leftovers,1
3395,gotten,1
3396,"old,",1
3397,mold,1
3398,back,1
3399,step-by-step.,2
3400,rooms,1
3401,house,1
3402,"favorite,",1
3403,aromas,1
3404,always,1
3405,drew,1
3406,him,3
3407,tardigrade,1
3408,desert,1
3409,Jeff,1
3410,decides,1
3411,Magic,1
3412,Ball.,1
3413,asks,2
3414,2/5,1
3415,chance,1
3416,giving,1
3417,answer.,1
3418,answers?,1
3419,elbow,1
3420,pain.,1
3421,expertise,1
3422,options.,1
3423,"""euphemism""",1
3424,networks,1
3425,Quote,1
3426,RESTful,1
3427,(CNN),1
3428,NLP.,1
3429,n-gram,1
3430,race,1
3431,condition,1
3432,barista,2
3433,taking,4
3434,orders,2
3435,busy,2
3436,cafe;,2
3437,orders?,2
3438,Civil,1
3439,end?,1
3440,Lord,1
3441,"Rings"",",1
3442,Bilbo's,1
3443,sword?,1
3444,structure,1
3445,employs,1
3446,500,1
3447,household?,1
3448,'tipping,1
3449,point',1
3450,novel.,1
3451,Volcanic,1
3452,Eruption,1
3453,probable,1
3454,accident?,1
3455,YouTube,1
3456,channel.,1
3457,diaspora,1
3458,refer,1
3459,needs,1
3460,Kill,1
3461,Mockingbird?,1
3462,mechanics,1
3463,democracy.,1
3464,SaaS,1
3465,platform.,1
3466,"'my_func(list)',",1
3467,expected,1
3468,"'my_func([1,2,3])'?",1
3469,El,1
3470,Nino,1
3471,phenomenon.,1
3472,Eightfold,1
3473,Path,1
3474,Buddhism.,1
3475,Come,1
3476,zero-day,1
3477,administrator,1
3478,conductivity,1
3479,trip,1
3480,Mexico,1
3481,"City,",1
3482,attractions,1
3483,sights,1
3484,recommend?,1
3485,standardization,1
3486,"recipe,",1
3487,dish?,1
3488,Amazon,1
3489,evokes,1
3490,"synopsis,",1
3491,lesson,1
3492,story?,1
3493,direct,1
3494,investment,1
3495,(FDI),1
3496,resume,1
3497,culinary,1
3498,professional,1
